 {
    "name": "lordudice",
    "title": "Lordu's Custom Dice for Dice So Nice",
    "description": "Additional Dice presets and themes for Dice So Nice. Requires Dice So Nice module to work.",
    "version": "0.1",
	"author: "LorduFreeman",
	"authors": [
		{
			"name":"LorduFreeman",
			"url": "https://discord.com/users/282511548595830814"
		}
	],
	"minimumCoreVersion": "0.7.5",
    "compatibleCoreVersion": "0.7.5",
	"dependencies": [
			{
			  "name": "dice-so-nice",
			  "manifest": "https://gitlab.com/riccisi/foundryvtt-dice-so-nice/raw/master/module/module.json"
			}
	],
	"styles": [
		"dicestyle.css"
	],
	"scripts": [
		"scripts/darkdeeds.js", "scripts/forbiddenknowledge.js"
	],
	"url": "https://github.com/LorduFreeman/foundry-lordudice",
	"manifest": "https://raw.githubusercontent.com/LorduFreeman/foundry-lordudice/main/lordudice/module.json",
	"download": "https://raw.githubusercontent.com/LorduFreeman/foundry-lordudice/main/lordudice01.zip"
	"readme": "https://raw.githubusercontent.com/LorduFreeman/foundry-lordudice/main/README.md"
}
